"loja","vendas"
"Kiyoko Cileidi Jery Ltda","18"
"Claudineo Jozenaide Luyane Ltda","15"
"Ado Juberth Valtuides Ltda","10"
"Nilfa Cid Silvandro Ltda","10"
"Gerrivaldo Rosielen Valteide Ltda","10"
"Nerlane Zenailda Anan Ltda","9"
"Gerldo Jucli Rainilda Ltda","8"
"Iranide Kewim Nailon Ltda","7"
"Lenielson Niquely Sissi Ltda","6"
"Elielba Rosivani Flaurindo Ltda","6"
"Ilcileia Meirivan Rairene Ltda","6"
"Izamir Auriberto Nalton Ltda","6"
"Rommy Eloinda Raille Ltda","6"
"Marulina Eluara Cliane Ltda","6"
"Ildo Zefira Jenilso Ltda","6"
"Cleano Cilvia Francislayne Ltda","6"
"Dicivaldo Rosicler Lisian Ltda","5"
"Adrely Juanete Valdineza Ltda","5"
"Eligia Mitsuo Panmela Ltda","5"
"Irimar Amelice Janisley Ltda","5"
"Tacyla Marinilha Silvera Ltda","5"
"Ronadia Carmelha Delciney Ltda","5"
"Tailany Herena Patricie Ltda","4"
"Jodeilma Ismaelma Percida Ltda","4"
"Emmi Isoldina Luthero Ltda","4"
"Crystian Ivonelio Misac Ltda","4"
"Gerlane Zildeci Jenisio Ltda","4"
"Juverlania Hurbano Raiimundo Ltda","4"
"Adriao Jozimario Valterlino Ltda","4"
"Erzilene Tyffany Floripe Ltda","4"
"Hugulino Kariele Leilah Ltda","4"
"Nilte Kleomar Adrovaldo Ltda","4"
"Joclecia Rosilda Valdisson Ltda","4"
"Adryell Wolnei Delcivan Ltda","4"
"Isami Turibio Florilda Ltda","4"
"Sisnande Idaelma Rali Ltda","4"
"Cleicilane Orcidio Delcilio Ltda","4"
"Krisman Wing Seila Ltda","4"
"Laurilane Nivanilson Siomaria Ltda","4"
"Harrisom Elienilson Luliane Ltda","4"
"Tacielly Catrini Lorinei Ltda","4"
"Rondinelia Hendri Waltercy Ltda","4"
"Marister Angelucia Criscieli Ltda","4"
"Adller Juciclaudia Antonhio Ltda","4"
"Agil Carison Admael Ltda","3"
"Tarcizo Uanda Selme Ltda","3"
"Nilvano Zezo Anatair Ltda","3"
"Nelvia Eloci Luzana Ltda","3"
"Isai Dianefer Heltom Ltda","3"
"Kilce Jozeane Ramela Ltda","3"
"Quiliano Nabo Clausidia Ltda","3"
"Laurice Sandrey Uiston Ltda","3"
"Sudaria Ivonesio Iloide Ltda","3"
"Irlande Herlaine Leris Ltda","3"
"Erno Kalidia Loren Ltda","3"
"Suanne Idelfonco Erlisson Ltda","3"
"Ironi Lauzimar Nelcilene Ltda","3"
"Lawson Gernei Kasandra Ltda","3"
"Nelim Carlinho Waltecir Ltda","3"
"Sulena Ziquiel Alexania Ltda","3"
"Iselde Wily Florisbete Ltda","3"
"Nisea Cicilha Adilce Ltda","3"
"Lenizio Isnard Fhelipe Ltda","3"
"Cosmia Iderlando Valtilene Ltda","3"
"Aulo Valdenilso Alenilda Ltda","3"
"Irni Moabes Palmerina Ltda","3"
"Cleunir Kadmiel Edvando Ltda","3"
"Zuzete Raicia Irele Ltda","3"
"Suelsi Jasilma Ilanne Ltda","3"
"Taliz Albenilda Cliciele Ltda","3"
"Jonhny Mycaely Juelen Ltda","3"
"Vandeley Nerinalda Eneuda Ltda","3"
"Roc Florismunda Orlana Ltda","3"
"Neiri Wiris Aranaldo Ltda","3"
"Nelino Elizomar Rafarel Ltda","3"
"Vaguimar Santina Geisiene Ltda","3"
"Irtom Marino Paliana Ltda","3"
"Adonario Hendriw Edvanete Ltda","3"
"Irazilda Faner Ludison Ltda","3"
"Clevison Herlano Janyara Ltda","3"
"Enaly Sande Dheyce Ltda","3"
"Deilana Ozan Crisleno Ltda","3"
"Alaerso Iarima Jersio Ltda","3"
"Wilasmar Catria Clarissia Ltda","3"
"Nilssa Tacisa Adrielem Ltda","3"
"Nivon Eleodete Lonilson Ltda","3"
"Normalucia Elic Nandinho Ltda","3"
"Eneidina Kallini Anazia Ltda","3"
"Kylder Elicea Ozinaldo Ltda","3"
"Elizabeteh Nizelia Sirlange Ltda","3"
"Clausete Morandir Deusiram Ltda","3"
"Meirielen Alzanira Cleidianne Ltda","3"
"Marineudo Cilane Lurdilene Ltda","3"
"Tyson Herculino Uesla Ltda","3"
"Sueda Romilton Mirliane Ltda","2"
"Luzivane Jayza Eura Ltda","2"
"Sedir Leonito Aparcido Ltda","2"
"Dalmaris Emilli Hiroyoshi Ltda","2"
"Etieny Hyorrana Eroldo Ltda","2"
"Taecio Gersica Urbanita Ltda","2"
"Adirley Eliesita Ene Ltda","2"
"Kleydson Jakciane Jalyson Ltda","2"
"Rosiclair Clerisvan Ivaldino Ltda","2"
"Klark Saneli Gelsimara Ltda","2"
"Rosemairy Cladismar Adonielson Ltda","2"
"Giivana Neildon Shaienne Ltda","2"
"Klaysson Cidines Jader Ltda","2"
"Marindia Eltor Rafic Ltda","2"
"Itamilson Nerza Abadio Ltda","2"
"Nerir Cassileia Lizamar Ltda","2"
"Tathy Melk Jarislene Ltda","2"
"Jozildo Tirsa Adeliane Ltda","2"
"Edlania Ozelha Cristielle Ltda","2"
"Israelly Idailda Erk Ltda","2"
"Marislania Anicacia Criselide Ltda","2"
"Dulcima Irmar Khayo Ltda","2"
"Elcy Tomico Elia Ltda","2"
"Layany Zelia Silvanes Ltda","2"
"Romila Woni Zureia Ltda","2"
"Iurik Andreo Adrimar Ltda","2"
"Amilton Jozeva Lusmara Ltda","2"
"Ileilson Carieli Jerilson Ltda","2"
"Nithael Gerluzia Ozar Ltda","2"
"Eraclito Santulina Misaque Ltda","2"
"Roncalli Elenito Franciela Ltda","2"
"Eucia Merceli Katja Ltda","2"
"Clepson Elidja Claudineuza Ltda","2"
"Nercilha Zirlande Jesebel Ltda","2"
"Eize Juveci Eliar Ltda","2"
"Suzzy Alciana Clifiton Ltda","2"
"Lamounier Neidja Rosetta Ltda","2"
"Irida Kilvio Naiana Ltda","2"
"Nelbert Megy Valvete Ltda","2"
"Adalderto Janelane Adeiza Ltda","2"
"Eleneuza Jasciele Neucimar Ltda","2"
"Luzita Jayne Ivaneite Ltda","2"
"Sirlone Leonias Argus Ltda","2"
"Leuzirene Otaviana Sesilia Ltda","2"
"Neusa Cillas Adircio Ltda","2"
"Oeliton Sira Acionir Ltda","2"
"Gleciene Jeandeson Neidy Ltda","2"
"Oney Siviriano Acintia Ltda","2"
"Vadin Heronildo Emilian Ltda","2"
"Urlania Ilka Kauar Ltda","2"
"Rosilaini Deovair Erany Ltda","2"
"Saleti Gerliani Consoelo Ltda","2"
"Tannia Elianne Clauderlandia Ltda","2"
"Nilde Eliarde Asafh Ltda","2"
"Ilariane Melre Rainere Ltda","2"
"Suzeneide Alberlene Concita Ltda","2"
"Albenia Andila Ermson Ltda","2"
"Emilyne Jucemar Lusicleia Ltda","2"
"Kleversson Jucivando Raelza Ltda","2"
"Dioginis Sanir Neivandro Ltda","2"
"Ilesio Zenivaldo Gelmario Ltda","2"
"Nilzalina Mislandia Adriale Ltda","2"
"Itelina Isoaldo Hiorana Ltda","2"
"Nereida Elialba Otavio Ltda","2"
"Clarimundo Amarilzo Clademi Ltda","2"
"Laurenn Ilsanete Soili Ltda","2"
"Degenilson Amabilio Cristiano Ltda","2"
"Isleide Herton Longina Ltda","2"
"Nilcelia Carolinie Abinadab Ltda","2"
"Leiliete Catherine Karlucio Ltda","2"
"Deferson Alzemir Dagilson Ltda","2"
"Ivandete Vaino Adomilson Ltda","2"
"Soely Adrilli Claudyane Ltda","2"
"Cristileia Erotide Ilfran Ltda","2"
"Haine Anacler Etelia Ltda","2"
"Dulcelea Akassio Kleiane Ltda","2"
"Gidenor Slayne Acucena Ltda","2"
"Taiso Sarafin Anangelica Ltda","2"
"Larisse Mustafa Kirlei Ltda","2"
"Tancledo Wualas Serafino Ltda","2"
"Herbet Lucemario Sui Ltda","2"
"Edjailton Liney Nasly Ltda","2"
"Kleyton Alcidino Clive Ltda","2"
"Lindorifo Deuzedina Salet Ltda","2"
"Michelie Suziete Adli Ltda","2"
"Cleicia Cilenir Abeilard Ltda","2"
"Diama Mohsen Devanyr Ltda","2"
"Cleyverson Menesio Deivani Ltda","2"
"Aleister Enaily Keiichi Ltda","2"
"Carlizangela Jefsom Odaria Ltda","2"
"Dediel Alyce Amadia Ltda","2"
"Lindaria Francivalda Siclei Ltda","2"
"Cleuzo Erval Ilizama Ltda","2"
"Suize Zivalda Sirlenio Ltda","2"
"Odecir Suzam Adinelza Ltda","2"
"Meuriene Ozena Adelli Ltda","2"
"Adizon Wiquer Creuzo Ltda","2"
"Edivanha Cardiane Jeorges Ltda","2"
"Idone Rosineri Nadine Ltda","2"
"Albanez Kaike Silvelene Ltda","2"
"Andrelucia Zilpa Jerdesson Ltda","2"
"Lidiel Neir Senezio Ltda","2"
"Dinorar Mria Keyne Ltda","2"
"Nilzania Elianae Otiniel Ltda","2"
"Isabla Merival Delmer Ltda","2"
"Clemilse Amavel Venessa Ltda","2"
"Acy Amarizio Adelaido Ltda","2"
"Elioenai Janir Leidaiane Ltda","2"
"Gilcarlos Karize Grasielli Ltda","2"
"Khauany Rosileide Valtan Ltda","2"
"Leilson Uzana Naubert Ltda","2"
"Emeni Meirelane Lisiele Ltda","2"
"Lavina Roxele Francikely Ltda","2"
"Lannara Soia Arthor Ltda","2"
"Tunisia Cithya Geizane Ltda","2"
"Itaiguara Potyguara Eluiza Ltda","2"
"Ducineide Cleuciane Kleidi Ltda","2"
"Albilene Romerica Deventino Ltda","2"
"Klinsmann Rosymar Nadna Ltda","2"
"Ildefonco Leotildes Raiula Ltda","2"
"Suzicleide Cimario Dgerson Ltda","2"
"Tallyne Wuelligton Rander Ltda","2"
"Clodovaldo Orane Dejama Ltda","2"
"Oclair Vitar Dulceleia Ltda","2"
"Stefhane Eloyse Cleusimar Ltda","2"
"Evamaria Erlom Kayne Ltda","2"
"Albemir Zelandio Deyvit Ltda","2"
"Jyovanna Urselina Dayane Ltda","2"
"Cleusenice Esperdiao Iliada Ltda","2"
"Guilhermando Leozino Eucares Ltda","2"
"Aluma Petronilla Aldaira Ltda","2"
"Aldi Liliel Katielly Ltda","2"
"Adamasio Linea Adenil Ltda","2"
"Quetelin Nilzon Cleayton Ltda","2"
"Niura Dhulio Loacir Ltda","2"
"Nilsabete Akin Adosinda Ltda","2"
"Enisio Marinelse Juliardes Ltda","2"
"Cauann Freidiane Laedes Ltda","1"
"Clelton Ameri Velicia Ltda","1"
"Kueli Precila Crisvania Ltda","1"
"Salatial Osvaldinei Constantin Ltda","1"
"Romair Jardenira Orineide Ltda","1"
"Iudilene Laudomira Nelize Ltda","1"
"Dicesar Meirely Raisan Ltda","1"
"Agnailde Lucelinda Kleisom Ltda","1"
"Aricson Pholiana Monaise Ltda","1"
"Selandia Lohaine Vandecleide Ltda","1"
"Alciely Joycilane Amyr Ltda","1"
"Nildomar Germinia Pabalo Ltda","1"
"Kayllon Deizy Osanildo Ltda","1"
"Taitiane Orzeni Osileide Ltda","1"
"Herlito Raissa Suelha Ltda","1"
"Wilita Darcizo Indalina Ltda","1"
"Wirlla Denson Irairdes Ltda","1"
"Klewerson Sariza Gelsomar Ltda","1"
"Sterphany Elqui Clevane Ltda","1"
"Nesinho Marineida Urandy Ltda","1"
"Erotildo Izalice Kleuma Ltda","1"
"Aldalete Tiale Amaril Ltda","1"
"Olenka Oreny Adaizio Ltda","1"
"Odelice Ozeli Ademes Ltda","1"
"Alenor Claube Eryvelton Ltda","1"
"Susiete Live Ducivan Ltda","1"
"Aldrovani Lizimar Duilton Ltda","1"
"Odlia Elielton Venozina Ltda","1"
"Alduina Rosinaldo Ludimar Ltda","1"
"Hercilio Raildete Suete Ltda","1"
"Seiiti Viviane Sidya Ltda","1"
"Gleidon Otalia Franciscarla Ltda","1"
"Tarcius Hemelin Duceli Ltda","1"
"Clicilene Euvando Ilderlan Ltda","1"
"Marizaura Osvilda Cristovania Ltda","1"
"Noelise Wisom Jaquileide Ltda","1"
"Claudior Molton Anaya Ltda","1"
"Alcisio Nabel Osmeraldo Ltda","1"
"Adiza Clivaldo Enesi Ltda","1"
"Sadao Jeffison Sandreval Ltda","1"
"Glazieli Valdeson Zelma Ltda","1"
"Benidita Dauva Lenisom Ltda","1"
"Tarsyla Aureci Gleice Ltda","1"
"Erinete Klesio Ramonica Ltda","1"
"Tafinis Jocinei Uelquer Ltda","1"
"Vaildo Kalu Ildalene Ltda","1"
"Surma Romi Andercleia Ltda","1"
"Ipolito Nad Veonice Ltda","1"
"Kadydja Valderce Agenilsom Ltda","1"
"Wilan Jucialdo Antonilson Ltda","1"
"Carmelio Grazziella Aldinez Ltda","1"
"Lesita Isalle Senilda Ltda","1"
"Claunei Miza Ananilton Ltda","1"
"Crhistiano Merenice Barnaber Ltda","1"
"Simoneide Eliena Celesia Ltda","1"
"Kieli Ordi Valtenei Ltda","1"
"Ilidio Zenede Eurydes Ltda","1"
"Nickole Simenia Verane Ltda","1"
"Wirli Geliandro Irael Ltda","1"
"Eliacir Jeanet Nicolaca Ltda","1"
"Nivaldi Wilna Janilci Ltda","1"
"Eudinei Elieuson Clebiane Ltda","1"
"Oleilson Harles Adana Ltda","1"
"Leislane Meroli Kauisa Ltda","1"
"Alberyo Claudenilsom Eronis Ltda","1"
"Kacila Valdenisa Ageline Ltda","1"
"Lazarone Amauricio Jania Ltda","1"
"Laessio Ronald Artenilza Ltda","1"
"Licena Orivalde Arieltom Ltda","1"
"Nilzelane Taila Adneide Ltda","1"
"Aldejair Mozair Devison Ltda","1"
"Daphini Thamisa Deide Ltda","1"
"Solani Ciziane Luzeni Ltda","1"
"Alcedino Jociline Uelita Ltda","1"
"Heneique Pulo Stacy Ltda","1"
"Nelsita Eloar Lisneide Ltda","1"
"Jozafar Nildia Adelar Ltda","1"
"Felina Adilho Laiany Ltda","1"
"Nelto Elonice Lumi Ltda","1"
"Dalcileide Adorvando Hiudy Ltda","1"
"Herbeton Ralda Suelin Ltda","1"
"Ceina Eronite Ildeci Ltda","1"
"Yuriko Delasir Zidorio Ltda","1"
"Jubileia Ualice Itaira Ltda","1"
"Creuzelita Nardino Mically Ltda","1"
"Candisse Mendelson Deisiany Ltda","1"
"Ariadene Albanita Iltor Ltda","1"
"Thiala Luiara Ennya Ltda","1"
"Tailza Alarcon Clisciane Ltda","1"
"Normalene Edisnei Luzimaia Ltda","1"
"Sineusa Adnil Claudieli Ltda","1"
"Lenuzia Vaguino Cledsom Ltda","1"
"Nia Kalane Graziele Ltda","1"
"Laurita Greicieli Sivanaldo Ltda","1"
"Wirla Izela Taylanne Ltda","1"
"Eron Isabelle Kilma Ltda","1"
"Lenisia Catie Verailza Ltda","1"
"Jocileia Merislene Valquilene Ltda","1"
"Lel Ezilandia Samita Ltda","1"
"Olavinia Soe Adalgiza Ltda","1"
"Yarley Jeise Zeus Ltda","1"
"Mikellen Jedna Lyria Ltda","1"
"Clemiro Winara Ramyla Ltda","1"
"Jarisvaldo Alexson Ezinho Ltda","1"
"Izaias Kleivison Najar Ltda","1"
"Orgenio Jenicelia Claison Ltda","1"
"Irilaine Diamar Lorrival Ltda","1"
"Wilhan Tupi Delonice Ltda","1"
"Herda Liana Fabilio Ltda","1"
"Dayny Adielton Ingria Ltda","1"
"Artenisa Cledi Cieldo Ltda","1"
"Kaires Oliveiras Jailane Ltda","1"
"Cleunilda Esmeraldina Ilisandra Ltda","1"
"Benedilson Loecy Altuir Ltda","1"
"Wermesom Euzelia Lenilze Ltda","1"
"Jelciane Cleuberson Dafnny Ltda","1"
"Halef Lindonez Sibel Ltda","1"
"Nielson Lindomilson Lionai Ltda","1"
"Tairan Alciliane Concenir Ltda","1"
"Odilla Humerson Adalipio Ltda","1"
"Francinea Denisval Dacilene Ltda","1"
"Osenilton Lise Agles Ltda","1"
"Vanderilo Cleuza Emillaine Ltda","1"
"Oara Ezenildo Esmal Ltda","1"
"Alcidete Kaiza Uemerson Ltda","1"
"Julieli Tielson Kalisia Ltda","1"
"Alenisio Cawan Adagilda Ltda","1"
"Aldelena Twany Ranailda Ltda","1"
"Tayssa Wueligton Seres Ltda","1"
"Ilis Zequel Geigiane Ltda","1"
"Willim Izaneth Taygo Ltda","1"
"Savyo Ualassi Sideney Ltda","1"
"Harlisson Ivonaria Suania Ltda","1"
"Elielia Hervecio Irilde Ltda","1"
"Taides Andrique Itania Ltda","1"
"Enelsi Sandilene Deuzito Ltda","1"
"Xayane Meriangela Delbi Ltda","1"
"Wanley Janieide Thor Ltda","1"
"Jonai Satya Nelinton Ltda","1"
"Issi Vivani Francima Ltda","1"
"Leniuza Darleti Coraldino Ltda","1"
"Enoly Romilso Jarlete Ltda","1"
"Grazili Ucilene Criciano Ltda","1"
"Linia Geison Saiury Ltda","1"
"Juvenilde Luama Zulineide Ltda","1"
"Eulelio Florismina Leiton Ltda","1"
"Crisse Pietri Nemesia Ltda","1"
"Oredes Devanildo Erick Ltda","1"
"Taiano Carmindo Lohrana Ltda","1"
"Lilliam Tiele Kandice Ltda","1"
"Olinda Uelda Acricia Ltda","1"
"Neuzamar Cilsa Adizia Ltda","1"
"Laureli Noabia Sivanir Ltda","1"
"Graziana Janiceli Idacir Ltda","1"
"Claudiston Hermersom Ulrike Ltda","1"
"Elhia Tergina Darin Ltda","1"
"Emison Sandro Gecir Ltda","1"
"Robi Cleunei Eterio Ltda","1"
"Rosemilia Cleuzina Enicleide Ltda","1"
"Lauine Noel Siumaria Ltda","1"
"Hamurabi Darlyson Fernada Ltda","1"
"Cordelina Esmelda Ilismar Ltda","1"
"Alberti Romy Adilsa Ltda","1"
"Quetlem Hulberto Aryele Ltda","1"
"Brender Deany Cawe Ltda","1"
"Claudinha Michiko Deusimeire Ltda","1"
"Jodina Carlili Valdilucio Ltda","1"
"Ashaley Janderli Aldeise Ltda","1"
"Kever Willanis Valdimeia Ltda","1"
"Adalton Jacicleide Adauri Ltda","1"
"Hamilcar Andreilza Alenes Ltda","1"
"Similde Cariane Claudionizio Ltda","1"
"Zeleida Karollini Irenilva Ltda","1"
"Carlucio Pedronilia Laricy Ltda","1"
"Daura Ueline Adelmira Ltda","1"
"Carmelicia Leunice Alejandro Ltda","1"
"Issamo Wlisses Hellyson Ltda","1"
"Ermanio Eloizy Cledijane Ltda","1"
"Isauro Lucan Zulmir Ltda","1"
"Aldei Sanoel Geltom Ltda","1"
"Olaides Sirlan Adalice Ltda","1"
"Kately Thalesson Juvercina Ltda","1"
"Arua Livine Thiffane Ltda","1"
"Odilete Suzanilda Adonir Ltda","1"
"Rubiane Amadora Sandoel Ltda","1"
"Odivaldo Juvam Adaliza Ltda","1"
"Elieti Kahue Lon Ltda","1"
"Talmira Angelamar Iuris Ltda","1"
"Carlani Janeton Lenira Ltda","1"
"Izoldi Keyko Naecio Ltda","1"
"Agnete Claercio Abeli Ltda","1"
"Ailme Lozimar Keyza Ltda","1"
"Danty Frantchesco Eletra Ltda","1"
"Sananda Dela Euna Ltda","1"
"Netania Cidarta Dhavid Ltda","1"
"Rubervanio Levyr Darney Ltda","1"
"Clarize Valerino Leidiana Ltda","1"
"Dhony Idenis Lusieni Ltda","1"
"Aleffe Edivaine Jarlison Ltda","1"
"Nioli Osmirio Adivana Ltda","1"
"Keulle Zeliomar Anatiana Ltda","1"
"Zumilde Claudiete Ernes Ltda","1"
"Erickson Sanmara Mishel Ltda","1"
"Vladiana Adeino Ionide Ltda","1"
"Juari Lindoelma Adenilso Ltda","1"
"Launir Sumar Sislandia Ltda","1"
"Jovemar Jardenia Natassya Ltda","1"
"Daldite Enildete Horalda Ltda","1"
"Neilimar Melquior Valsirene Ltda","1"
"Greciene Anatecia Hannha Ltda","1"
"Heliene Florisdalva Herberty Ltda","1"
"Neydson Marinis Judivania Ltda","1"
"Wildes Ibrain Valmirete Ltda","1"
"Sung Licilda Talina Ltda","1"
"Naerte Uilbert Aloan Ltda","1"
"Nilcleia Kamala Andaluzia Ltda","1"
"Cloacir Kadia Helna Ltda","1"
"Eshelei Juatan Aremir Ltda","1"
"Benfica Fabilino Leisane Ltda","1"
"Irza Ivanuse Neilan Ltda","1"
"Ramonita Sayury Reila Ltda","1"
"Sulmaia Letiicia Tamilli Ltda","1"
"Elideise Thauanne Darilda Ltda","1"
"Lindalia Galvino Naane Ltda","1"
"Albenise Deizi Esperdita Ltda","1"
"Isonia Uelesson Aderleia Ltda","1"
"Neisse Willin Arcelino Ltda","1"
"Idara Ozailton Sildes Ltda","1"
"Laurencio Kalianne Ohara Ltda","1"
"Zunaria Oride Kenadi Ltda","1"
"Ledivania Kariana Pablolo Ltda","1"
"Ervedo Amely Edvonete Ltda","1"
"Oliveiros Simones Abrelina Ltda","1"
"Cleziane Meison Walton Ltda","1"
"Itamiro Wancleia Euane Ltda","1"
"Erena Monieli Keyssy Ltda","1"
"Elilda Wilcar Geicilane Ltda","1"
"Kathellyn Janiffer Thayne Ltda","1"
"Theodora Quessia Silmira Ltda","1"
"Nairle Floribal Tisuko Ltda","1"
"Kalida Deivisom Jaerlison Ltda","1"
"Kione Hugor Railsson Ltda","1"
"Marizilda Secondino Lindai Ltda","1"
"Irlana Lavynia Nelzenir Ltda","1"
"Karielli Aandressa Jamil Ltda","1"
"Yedda Protogenes Vivien Ltda","1"
"Zenides Francie Ivanalba Ltda","1"
"Gleicikelli Vacilio Cleidemara Ltda","1"
"Orivelto Amancia Hendryk Ltda","1"
"Aurelene Valdeck Odileni Ltda","1"
"Themistocles Cleso Zilmeire Ltda","1"
"Everline Ilineia Katsuhiro Ltda","1"
"Eliaide Jeanildo Neusino Ltda","1"
"Youssif Celene Zezina Ltda","1"
"Lianderson Neilce Seleucia Ltda","1"
"Wendl Uerlen Ducivalda Ltda","1"
"Laisson Jocimary Grazila Ltda","1"
"Isauto Williano Francenilda Ltda","1"
"Eneir Samue Crenilson Ltda","1"
"Marins Leonidio Valdino Ltda","1"
"Edrielle Uebison Crisantino Ltda","1"
"Nelzon Elsom Raferson Ltda","1"
"Heiter Nacilene Hermione Ltda","1"
"Caciene Izabeth Ociney Ltda","1"
"Isanita Lubia Agnaelson Ltda","1"
"Jelia Fritz Ivanires Ltda","1"
"Celca Wladia Jarciara Ltda","1"
"Gretta Laudimar Shirlaine Ltda","1"
"Hena Lovaine Sorania Ltda","1"
"Melca Thyane Cleoniza Ltda","1"
"Climerio Shieley Ilsson Ltda","1"
"Eneo Samur Dheisy Ltda","1"
"Taka Catilce Abnilson Ltda","1"
"Deicla Alvandira Vandelma Ltda","1"
"Stephanny Javerte Ilnaria Ltda","1"
"Nadielma Hulian Raiele Ltda","1"
"Yoshiteru Anara Zenir Ltda","1"
"Zoila Gerlino Erleide Ltda","1"
"Rutieli Uiltom Sandara Ltda","1"
"Kaylaine Libanha Kenison Ltda","1"
"Wildmar Eleonan Francelir Ltda","1"
"Saloni Lilioza Iba Ltda","1"
"Claonice Orismar Natascha Ltda","1"
"Alcyone Tissiana Alvemar Ltda","1"
"Elenides Lidney Tatielson Ltda","1"
"Elden Alizene Eleoni Ltda","1"
"Laurielson Sammyr Uirajara Ltda","1"
"Evelto Jaguaraci Sidenia Ltda","1"
"Juceria Uirlen Adercy Ltda","1"
"Jovenias Flordalice Leiiane Ltda","1"
"Skarlet Iasla Rainom Ltda","1"
"Wanderlam Wiltemberg Ranaria Ltda","1"
"Elizaneide Laurelio Nenita Ltda","1"
"Rosile Evalton Odenise Ltda","1"
"Ethyene Lucidi Elvair Ltda","1"
"Odailda Leor Jardielle Ltda","1"
"Markennedy Thaison Lindamares Ltda","1"
"Cleico Mozarth Julhano Ltda","1"
"Romao Andressom Estphany Ltda","1"
"Aldonei Oriosvaldo Idailva Ltda","1"
"Oliene Ormisa Abissalao Ltda","1"
"Claralice Marinelci Fineias Ltda","1"
"Nerian Sarar Teodorino Ltda","1"
"Yvan Lucimare Zeze Ltda","1"
"Isther Osnilton Kessiana Ltda","1"
"Khenia Cineide Luick Ltda","1"
"Herlanderson Alfrina Ezilene Ltda","1"
"Stenio Carisa Grassieli Ltda","1"
"Alames Cleandra Erondi Ltda","1"
"Ivamaria Delcides Louanne Ltda","1"
"Carlisom Jefete Ladis Ltda","1"
"Miroslava Dalfina Istefano Ltda","1"
"Tonho Paulinha Crisneide Ltda","1"
"Irlanete Enidio Neoli Ltda","1"
"Nagai Jaldeni Nackson Ltda","1"
"Tamira Dasio Aderlino Ltda","1"
"Callil Jacilaine Caulino Ltda","1"
"Tuisa Derly Hendrigo Ltda","1"
"Neusice Cirineu Adinoelia Ltda","1"
"Ermelita Cian Adjerson Ltda","1"
"Rudmar Ananice Salviane Ltda","1"
"Shantala Leuziene Sida Ltda","1"
"Laylon Aminthas Lorrainny Ltda","1"
"Errol Jeiso Kevilli Ltda","1"
"Hildevaldo Jeisa Idila Ltda","1"
"Beliza Halliny Orotides Ltda","1"
"Guielmar Lindamara Sillene Ltda","1"
"Keyssiane Jucelio Raiones Ltda","1"
"Bendito Loene Amalry Ltda","1"
"Robert Dawan Ethel Ltda","1"
"Cristyane Otacilda Nemisia Ltda","1"
"Virmar Lienes Leondas Ltda","1"
"Vanderlai Peula Kaiko Ltda","1"
"Erbio Gerome Emivaldo Ltda","1"
"Cristovon Percival Aidee Ltda","1"
"Artime Dejamim Cilede Ltda","1"
"Adinilsom Henedino Bartira Ltda","1"
"Fatiane Silvilaine Jovanilde Ltda","1"
"Ofenisia Jeice Nacione Ltda","1"
"Erilana Ihorana Jonilton Ltda","1"
"Islai Leda Nelvir Ltda","1"
"Jamilhe Deuzana Dulcilane Ltda","1"
"Edso Jakelina Natacio Ltda","1"
"Elcilene Dercir Elenor Ltda","1"
"Euzelene Geroaldo Katlhen Ltda","1"
"Aldrieli Ualisson Raminho Ltda","1"
"Irison Sulina Neiber Ltda","1"
"Carita Amasiles Francilena Ltda","1"
"Aldezira Eniete Jaria Ltda","1"
"Crispiano Hynara Mirislane Ltda","1"
"Eudocio Vailsom Soele Ltda","1"
"Aurelito Lielso Ocicleia Ltda","1"
"Scarllat Euzino Leilma Ltda","1"
"Rudiger Lucilia Reialdo Ltda","1"
"Amelita Idequel Jenesis Ltda","1"
"Fabrisia Silvinha Meuza Ltda","1"
"Isrrael Elker Clewton Ltda","1"
"Aiandra Sandina Mirleia Ltda","1"
"Elisiele Igara Elsenira Ltda","1"
"Erecilda Thula Shadia Ltda","1"
"Claudivani Moadir Adilino Ltda","1"
"Adnelia Nade Enileia Ltda","1"
"Cleomira Ilseu Lud Ltda","1"
"Claldinei Uedem Clemison Ltda","1"
"Elizonaldo Belice Abyner Ltda","1"
"Celis Deivys Irano Ltda","1"
"Nalberty Liberino Nataline Ltda","1"
"Alcidemar Kaessa Uillis Ltda","1"
"Robervane Dayene Esvaldino Ltda","1"
"Gleicyele Laurelene Neimara Ltda","1"
"Sirlete Ialis Valdomira Ltda","1"
"Francirleide Harielle Sidonil Ltda","1"
"Olides Leovil Adamiltom Ltda","1"
"Ivaniz Judimar Holivia Ltda","1"
"Auriani Cleudiana Laisa Ltda","1"
"Wilismar Eveilton Vlaudia Ltda","1"
"Cleuriane Alcindino Ilvaci Ltda","1"
"Aldecyr Darielton Leniusa Ltda","1"
"Charlyston Fraci Cindy Ltda","1"
"Odraci Adda Santiago Ltda","1"
"Deilta Editte Nathasa Ltda","1"
"Sirles Adjailsom Claudianara Ltda","1"
"Ielva Eliasir Patrezio Ltda","1"
"Ivaneida Lauir Mislainy Ltda","1"
"Carlesio Romildon Deuzilane Ltda","1"
"Ronaro Dejailda Eudiney Ltda","1"
"Rosico Derike Iudi Ltda","1"
"Zulete Claudice Eroilma Ltda","1"
"Wesllyn Ezeneide Wirlei Ltda","1"
"Benise Isnadia Alverinda Ltda","1"
"Neize Uandre Arcilo Ltda","1"
"Concesso Melksedek Araripe Ltda","1"
"Jemesom Frankslane Dulcelina Ltda","1"
"Caita Jandes Cartiane Ltda","1"
"Clodine Leozir Delsani Ltda","1"
"Edivander Esterfania Neyle Ltda","1"
"Juny Judy Josenilva Ltda","1"
"Lennom Idalcina Eriverton Ltda","1"
"Hedney Longuina Hemylli Ltda","1"
"Aguinldo Jucinea Flabiano Ltda","1"
"Siqueira Amarili Clauber Ltda","1"
"Carmoza Edevirges Alderi Ltda","1"
"Gledso Emmanuella Nelcira Ltda","1"
"Koiti Jailmo Irenel Ltda","1"
"Cleverso Amilsom Ilsilene Ltda","1"
"Oline Mylenne Abmar Ltda","1"
"Izete Halysson Nadjan Ltda","1"
"Adinesio Salvarino Neiriberto Ltda","1"
"Andrelison Elie Artemise Ltda","1"
"Gidevan Mychelle Kisla Ltda","1"
"Alone Rahi Aiale Ltda","1"
"Nieri Ualter Ervania Ltda","1"
"Eudislene Rosvaldo Luduvina Ltda","1"
"Almiracir Aquiel Etni Ltda","1"
"Euter Silveti Salatieu Ltda","1"
"Nilza Zenalha Anarlene Ltda","1"
"Leonelson Merylane Kawam Ltda","1"
"Regiomar Luciani Jovenito Ltda","1"
"Rosenberg Elvessio Cleuziene Ltda","1"
"Cleriana Emilde Hondina Ltda","1"
"Altierre Gaine Mitiel Ltda","1"
"Abida Orbano Delsivan Ltda","1"
"Layara Nivado Sindulfo Ltda","1"
"Juann Ulicia Aderio Ltda","1"
"Stelio Eluza Cleura Ltda","1"
"Tulla Kallyanne Anacelma Ltda","1"
"Elisval Damien Elody Ltda","1"
"Claudeney Iasmym Jerisvan Ltda","1"
"Ivagna Elosangela Cledemir Ltda","1"
"Leticiia Romula Seri Ltda","1"
"Minelle Evalte Tatiana Ltda","1"
"Cleodomar Oriana Naelcio Ltda","1"
"Odelene Vlad Ervelyn Ltda","1"
"Adelande Leonldo Apamela Ltda","1"
"Meiriluce Dalizio Leomarques Ltda","1"
"Vandecy Shelma Enezila Ltda","1"
"Rocinei Vagnir Eudiva Ltda","1"
"Salviana Deivit Euquiane Ltda","1"
"Erverton Isanei Khauan Ltda","1"
"Edrison Urias Dafane Ltda","1"
"Wuesli Iseneide Kinberli Ltda","1"
"Taziane Alamo Clodoir Ltda","1"
"Leacir Phelipi Crista Ltda","1"
"Tatyani Alaiza Cleumilda Ltda","1"
"Ludgero Porfiro Molina Ltda","1"
"Willder Gabrieli Leocassia Ltda","1"
"Greydson Mykelle Alvice Ltda","1"
"Oldi Ledi Adara Ltda","1"
"Inri Karlete Grazziela Ltda","1"
"Grici Osano Shisleide Ltda","1"
"Darkson Jaisnara Wivson Ltda","1"
"Aldonso Kaoa Greicielle Ltda","1"
"Ermione Hykaro Kiara Ltda","1"
"Suzelina Alcilea Clymene Ltda","1"
"Grijalva Osenias Alziene Ltda","1"
"Vadeilton Emilia Huandeson Ltda","1"
"Merison Artemis Leonaldo Ltda","1"
"Cleiginaldo Kalebi Igro Ltda","1"
"Ermival Nerilde Kellyda Ltda","1"
"Nagla Tamas Narrana Ltda","1"
"Caua Jennyfe Lanier Ltda","1"
"Feliques Analuci Cleiene Ltda","1"
"Adiva Hulli Elizoneide Ltda","1"
"Esilha Rosimeres Delnira Ltda","1"
"Iani Adileno Silmary Ltda","1"
"Claudiny Wildete Genaci Ltda","1"
"Huggo Wislei Jandir Ltda","1"
"Dehon Aluysio Alozio Ltda","1"
"Darluce Otoniel Vanderlanio Ltda","1"
"Keise Evandivaldo Kemuel Ltda","1"
"Leidvania Francisnando Wilva Ltda","1"
"Everardo Jamin Kathallen Ltda","1"
"Ivandre Andreziele Adjanio Ltda","1"
"Irom Leamara Nelcida Ltda","1"
"Naio Olmir Natanie Ltda","1"
"Lcilene Rosimeide Forlan Ltda","1"
"Iraia Kevillyn Lueli Ltda","1"
"Nikolay Lindaura Leidimara Ltda","1"
"Helisa Leziana Hermando Ltda","1"
"Neivaldo Elijania Ramiel Ltda","1"
"Decimar Jamelson Shizue Ltda","1"
"Eolinda Ildenia Kattlen Ltda","1"
"Odisia Laurino Adanilson Ltda","1"
"Odalir Andremar Erlete Ltda","1"
"Eno Cliceria Keisi Ltda","1"
"Aldanei Herinson Emeterio Ltda","1"
"Elimari Luciedja Elsimara Ltda","1"
"Berildo Fada Leomarcia Ltda","1"
"Irae Altair Abrilino Ltda","1"
"Claryssa Jozenilda Jacy Ltda","1"
"Ruimundo Deiso Jaisom Ltda","1"
"Eucina Valdoir Creuson Ltda","1"
"Ironide Williston Edvino Ltda","1"
"Kayle Neube Kerlla Ltda","1"
"Nilea Taique Adrianilson Ltda","1"
"Eliziar Rosolina Luede Ltda","1"
"Taura Edivanderson Hodilon Ltda","1"
"Celeci Mercide Jarnei Ltda","1"
"Haya Lione Heris Ltda","1"
"Zolair Anaisa Erciane Ltda","1"
"Elienne Merandulina Deiveison Ltda","1"
"Lesandro Nemesis Servio Ltda","1"
"Roline Angelize Etiene Ltda","1"
"Wendrya Anivaldo Wuelisson Ltda","1"
"Jarlene Deline Jemina Ltda","1"
"Eletiane Izoe Darliete Ltda","1"
"Alba Eloa Gelcinei Ltda","1"
"Mirko Orcimar Natanaelma Ltda","1"
"Sulevan Venicia Wilma Ltda","1"
"Simario Nobuo Cleberson Ltda","1"
"Sinezio Ialan Valzir Ltda","1"
"Lilim Cleude Jusselma Ltda","1"
"Nilmar Taislaine Adreile Ltda","1"
"Leofredo Nilon Sediney Ltda","1"
"Talessa Orlindo Leidinea Ltda","1"
"Aldaina Thyson Odoni Ltda","1"
"Ketyle Jocilena Patriicia Ltda","1"
"Albetisa Jodir Anderleide Ltda","1"
"Guna Tupinamba Eumar Ltda","1"
"Nerailde Merily Valdivia Ltda","1"
"Nildiana Jocira Uriel Ltda","1"
"Hertz Almesina Ezilar Ltda","1"
"Micky Leyane Zorico Ltda","1"
"Sinei Amon Claudneia Ltda","1"
"Tarsia Alainy Clodoveo Ltda","1"
"Juselia Allefy Jelci Ltda","1"
"Heracliton Mirrail Faena Ltda","1"
"Gudrian Ueric Eulivia Ltda","1"
"Cantalicio Elidenia Epifanio Ltda","1"
"Adon Clotilda Emira Ltda","1"
"Nuzia Carolliny Abrahan Ltda","1"
"Izaqui Keyton Nahor Ltda","1"
"Ercindo Monicleide Kevine Ltda","1"
"Ezequel Shelzia Edinom Ltda","1"
"Itama Rosmira Nagila Ltda","1"
"Sintya Shayana Claudeides Ltda","1"
"Marinilda Williene Antinho Ltda","1"
"Melcides Anakeli Cleonici Ltda","1"
"Alrivania Valdiene Adezildo Ltda","1"
"Aglinaldo Eliezel Juelito Ltda","1"
"Iranilma Jeovani Neuris Ltda","1"
"Cabriel Edevaldo Leocy Ltda","1"
"Dinivaldo Keylon Nalidia Ltda","1"
"Lexsandra Ozail Seniria Ltda","1"
"Carvilho Franquito Lanna Ltda","1"
"Suzuki Cidimara Deziele Ltda","1"
"Thaylaine Francyelen Eleuses Ltda","1"
"Laianny Zevi Simy Ltda","1"
"Cleuzete Esmailton Ilieu Ltda","1"
"Rodiana Aliomara Orleani Ltda","1"
"Filogonia Allann Francinette Ltda","1"
"Dayro Devacir Inoel Ltda","1"
"Romael Janeis Oriovaldo Ltda","1"
"Aldacyr Tonivaldo Alvasir Ltda","1"
"Andreir Karam Ilaina Ltda","1"
"Alvarenga Liusa Iranilva Ltda","1"
"Evalina Vladilene Keimili Ltda","1"
"Martonia Satiko Mirilene Ltda","1"
"Jares Juilma Jenelice Ltda","1"
"Nisete Suzete Adnalva Ltda","1"
"Celiano Alif Iratam Ltda","1"
"Hanriete Vademi Aldir Ltda","1"
"Criz Caprice Abdu Ltda","1"
"Amarita Moriane Deusivani Ltda","1"
"Wigenes Onaldo Willimas Ltda","1"
"Itaercio Polonia Idelvanda Ltda","1"
"Odelso Heloneide Ademarcio Ltda","1"
"Calmom Licineia Alcivaldo Ltda","1"
"Ajadir Civirino Deiny Ltda","1"
"Euzangela Ildete Kecio Ltda","1"
"Fayner Analys Jovanni Ltda","1"
"Onaria Thise Dulcimara Ltda","1"
"Ituane Lauterio Nelsa Ltda","1"
"Edmarques Leopoldino Crisle Ltda","1"
"Tadeu Elliton Creidiana Ltda","1"
"Licino Osmarin Seigi Ltda","1"
"Sinizia Amilcare Deles Ltda","1"
